"flight_id";"name";"source";"destination";"days";"ticket_price";"creation_time"
"1";"AIR India";"India";"USA";"MONDAY, TUESDAY, THURSDAY, SATURDAY";"43000";"2022-05-14 04:49:17.124870"
"2";"USA Travel";"USA";"India";"MONDAY, TUESDAY, THURSDAY, SATURDAY, FRIDAY ";"32780";"2022-05-14 04:54:02.736294"
"3";"IndiaEuropa";"India";"UK";"MONDAY, TUESDAY, THURSDAY, SATURDAY, FRIDAY, WEDNESDAY ";"54600";"2022-05-14 04:55:12.009821"
"4";"UKAir";"UK";"India";"MONDAY, TUESDAY, THURSDAY, SATURDAY, FRIDAY, WEDNESDAY ";"43278";"2022-05-14 04:55:42.344468"
"5";"US-UK Space";"UK";"USA";"MONDAY, TUESDAY, THURSDAY, SATURDAY, FRIDAY, WEDNESDAY ";"34325";"2022-05-14 04:56:38.871060"
"6";"AmericanAirX";"USA";"UK";"MONDAY, TUESDAY, THURSDAY, SATURDAY, FRIDAY, WEDNESDAY ";"67000";"2022-05-14 04:57:28.359174"
